Program,Ext,Timeout (s),Ultimate-LR Verdict,Ultimate-LR Wall (ms),Ultimate-LR Plugin (ms),Ultimate-LR Lassos (ms),Ultimate-LR Iters,Ultimate-PL Verdict,Ultimate-PL Wall (ms),Ultimate-PL Plugin (ms),Ultimate-PL Lassos (ms),Ultimate-PL Iters,Ultimate-PL PaSTTeL Calls,Ultimate-PL PaSTTeL Success,Ultimate-PL No Result,Ultimate-PL Unmapped,Ultimate-PL Techniques,Agreement,Speedup (wall),Speedup (plugin)
2Nested-1.c,c,120,TERMINATING,4380.00,500.00,300.00,2,TERMINATING,4355.00,500.00,300.00,2,1,1,0,0,RankingBased(2-4-NestedTemplate),SAME,1.006,1.000
ATVA2013-nonIntegral-real.bpl,bpl,120,NONTERMINATING,1896.00,100.00,100.00,1,NONTERMINATING,1983.00,100.00,100.00,1,0,0,0,0,-,SAME,0.956,1.000
AliasDarteFeautrierGonnord-SAS2010-counterex1b_true-termination.c,c,120,TERMINATING,6948.00,3000.00,1700.00,7,TERMINATING,6477.00,2600.00,1400.00,7,5,5,0,0,RankingBased(2-4-MultiphaseTemplate)|RankingBased(AffineTemplate),SAME,1.073,1.154
Fibonacci.bpl,bpl,120,NONTERMINATING,2295.00,400.00,400.00,1,NONTERMINATING,2325.00,400.00,400.00,1,0,0,0,0,-,SAME,0.987,1.000
LTL_Coolant_Nonterminating01.bpl,bpl,120,NONTERMINATING,2185.00,300.00,300.00,1,NONTERMINATING,2309.00,400.00,300.00,1,0,0,0,0,-,SAME,0.946,0.750
Lobnya-Boolean.bpl,bpl,120,TERMINATING,2260.00,300.00,200.00,2,TERMINATING,2290.00,400.00,300.00,2,1,1,0,0,RankingBased(AffineTemplate),SAME,0.987,0.750
NonterminationDifficult05_ComplexEigenvalues.bpl,bpl,120,NONTERMINATING,2159.00,300.00,300.00,1,NONTERMINATING,2210.00,300.00,300.00,1,0,0,0,0,-,SAME,0.977,1.000
java_DivMinus1.c,c,120,TERMINATING,4280.00,400.00,300.00,2,TERMINATING,4395.00,400.00,300.00,2,1,1,0,0,RankingBased(AffineTemplate),SAME,0.974,1.000
loopWithBreak.bpl,bpl,120,TERMINATING,2353.00,400.00,300.00,2,TERMINATING,2463.00,500.00,300.00,2,1,1,0,0,RankingBased(AffineTemplate),SAME,0.955,0.800
recursive.c,c,120,NONTERMINATING,3997.00,100.00,100.00,1,NONTERMINATING,3874.00,100.00,100.00,1,0,0,0,0,-,SAME,1.032,1.000
