Trace Name,Result Code,Fixpoint (ms),Termination (ms),Nontermination (ms),ULR-Baseline (ms),P-ULR-Seq,PaSTTeL-TOTAL,PaSTTeL Status,Stem Size,Loop Size,Total Size Trace,Algo
/home/anissa/Documents/Tools/PaSTTeL/output/smoke/ulr_vs_pulr/lasso_traces/ALL_INT_VARS/lasso_traces_2Nested-1.c/lasso_trace_1.txt,TERMINATING,2.22,121.48,49.46,173.16,3.00,72.00,TERMINATING,8,1,9,2-Nested Template / 2-4-Nested Template
/home/anissa/Documents/Tools/PaSTTeL/output/smoke/ulr_vs_pulr/lasso_traces/ALL_INT_VARS/lasso_traces_AliasDarteFeautrierGonnord-SAS2010-counterex1b_true-termination.c/lasso_trace_1.txt,INFEASIBLE,0.00,0.00,0.00,-,-,-,-,5,4,9,-
/home/anissa/Documents/Tools/PaSTTeL/output/smoke/ulr_vs_pulr/lasso_traces/ALL_INT_VARS/lasso_traces_Fibonacci.bpl/lasso_trace_1.txt,NONTERMINATING,2.21,0.00,57.58,59.79,2.00,60.00,NONTERMINATING,0,5,5,GNTA / GNTA
/home/anissa/Documents/Tools/PaSTTeL/output/smoke/ulr_vs_pulr/lasso_traces/ALL_INT_VARS/lasso_traces_java_DivMinus1.c/lasso_trace_1.txt,TERMINATING,2.20,68.85,51.99,123.04,8.00,70.00,TERMINATING,1,1,2,Affine Template / Affine Template
/home/anissa/Documents/Tools/PaSTTeL/output/smoke/ulr_vs_pulr/lasso_traces/ALL_INT_VARS/lasso_traces_loopWithBreak.bpl/lasso_trace_1.txt,TERMINATING,2.06,87.37,44.32,133.75,7.00,66.00,TERMINATING,1,2,3,Affine Template / Affine Template
/home/anissa/Documents/Tools/PaSTTeL/output/smoke/ulr_vs_pulr/lasso_traces/ALL_INT_VARS/lasso_traces_LTL_Coolant_Nonterminating01.bpl/lasso_trace_1.txt,NONTERMINATING,2.25,0.00,52.89,55.14,4.00,61.00,NONTERMINATING,1,1,2,GNTA / GNTA
/home/anissa/Documents/Tools/PaSTTeL/output/smoke/ulr_vs_pulr/lasso_traces/ALL_INT_VARS/lasso_traces_recursive.c/lasso_trace_1.txt,NONTERMINATING,3.15,0.00,0.00,3.15,1.00,53.00,NONTERMINATING,5,3,8,Fixpoint / Fixpoint
/home/anissa/Documents/Tools/PaSTTeL/output/smoke/ulr_vs_pulr/lasso_traces/BOOLEAN_OP/lasso_traces_AliasDarteFeautrierGonnord-SAS2010-counterex1b_true-termination.c/lasso_trace_2.txt,TERMINATING,2.04,77.96,51.88,131.88,6.00,63.00,TERMINATING,5,6,11,Affine Template / Affine Template
/home/anissa/Documents/Tools/PaSTTeL/output/smoke/ulr_vs_pulr/lasso_traces/BOOLEAN_OP/lasso_traces_AliasDarteFeautrierGonnord-SAS2010-counterex1b_true-termination.c/lasso_trace_3.txt,TERMINATING,0.41,51.84,42.85,95.10,6.00,63.00,TERMINATING,6,2,8,Affine Template / Affine Template
/home/anissa/Documents/Tools/PaSTTeL/output/smoke/ulr_vs_pulr/lasso_traces/BOOLEAN_OP/lasso_traces_AliasDarteFeautrierGonnord-SAS2010-counterex1b_true-termination.c/lasso_trace_4.txt,TERMINATING,0.46,49.86,42.39,92.71,5.00,63.00,TERMINATING,11,2,13,Affine Template / Affine Template
/home/anissa/Documents/Tools/PaSTTeL/output/smoke/ulr_vs_pulr/lasso_traces/BOOLEAN_OP/lasso_traces_AliasDarteFeautrierGonnord-SAS2010-counterex1b_true-termination.c/lasso_trace_5.txt,TERMINATING,0.35,48.03,42.89,91.27,5.00,62.00,TERMINATING,14,2,16,Affine Template / Affine Template
/home/anissa/Documents/Tools/PaSTTeL/output/smoke/ulr_vs_pulr/lasso_traces/BOOLEAN_OP/lasso_traces_AliasDarteFeautrierGonnord-SAS2010-counterex1b_true-termination.c/lasso_trace_6.txt,TERMINATING,0.35,459.97,45.66,505.98,82.00,140.00,TERMINATING,20,2,22,2-Phase Template / 2-4-Multiphase Template
/home/anissa/Documents/Tools/PaSTTeL/output/smoke/ulr_vs_pulr/lasso_traces/BOOLEAN_OP/lasso_traces_Lobnya-Boolean.bpl/lasso_trace_1.txt,TERMINATING,2.40,36.43,48.36,87.19,5.00,62.00,TERMINATING,0,1,1,Affine Template / Affine Template
/home/anissa/Documents/Tools/PaSTTeL/output/smoke/ulr_vs_pulr/lasso_traces/REAL_VARS/lasso_traces_ATVA2013-nonIntegral-real.bpl/lasso_trace_1.txt,NONTERMINATING,3.97,0.00,0.00,3.97,2.00,56.00,NONTERMINATING,1,1,2,Fixpoint / Fixpoint
/home/anissa/Documents/Tools/PaSTTeL/output/smoke/ulr_vs_pulr/lasso_traces/REAL_VARS/lasso_traces_NonterminationDifficult05_ComplexEigenvalues.bpl/lasso_trace_1.txt,NONTERMINATING,2.31,0.00,49.82,52.13,2.00,61.00,NONTERMINATING,0,1,1,GNTA / GNTA
